,Unnamed: 0,name,location,address,type,rating
0,89,He Brews Cafe,Batangas,"43 P. Burgos St. | Earth St. Golden Country Homes Alangilan, Batangas City, Luzon 4200, Philippines",Cafe,5.0
31,397,The Macallan Whisky Bar,Parañaque,"1 ASEANA Ave. Entertainment City, Paranaque, Luzon 1701, Philippines","Bar, Pub",5.0
33,395,Lucky Noodles,Parañaque,"Aseana Avenue | Entertainment City, Paranaque, Luzon 1701, Philippines","Asian, Soups, Vegetarian Friendly",5.0
34,119,Finecut Butchery,Cabanatuan,"Maharlika Hi-way cor.Villa Benita Subd, Cabanatuan City, Luzon, Philippines",Steakhouse,5.0
35,88,BG Burgers,Batangas,"Batangas-Taysan Road | Kumintang, Batangas City, Luzon 4200, Philippines","American, Grill",5.0
36,242,Sadik Restaurant,Lucena,"Trinidad St. cor Granja St., Lucena City, Luzon, Philippines","Bar, Asian, Middle Eastern",5.0
37,243,Kimsuy Restaurant,Lucena,"Queen Margaret Hotel, Domoit Diversion Road, Lucena City, Luzon, Philippines","Chinese, Asian, Filipino",5.0
38,42,Craft 1945,Baguio,"8 Outlook Drive South, Baguio, Luzon 1103, Philippines","Brew Pub, Bar, Spanish",5.0
39,108,"Paleta Shabu-shabu, Pigar-Pigar and Steaks",Cabanatuan,"18th Street | Kaptain Pepe, Cabanatuan City, Luzon 3100, Philippines","Filipino, Asian",5.0
40,341,Liberty Sports Bar,Olongapo,"Alava Quay Waterfront road SBFZ | Opposite Global Port Building, Subic Bay Freeport Zone, Luzon 2222, Philippines","Pizza, American, Bar",5.0
42,463,Duck & Co.,San Fernando Pampanga,"Lazatin Boulevard | San Juan, San Fernando, Luzon 2000, Philippines","Filipino, Asian, Street Food",5.0
43,546,Kusina ni Pareng Avel,Tayabas,"Lucban-Tayabas Road, Tayabas City, Luzon, Philippines","Filipino, Asian",5.0
44,186,Cafe Alezon,Las Piñas,"146 Tropical Avenue | BF Homes, Las Pinas, Luzon 1740, Philippines","European, Contemporary",5.0
47,326,Eightynine Cafe Naga,Naga,"Roxas Avenue Diversion Road | M Plaza, Naga, Luzon 4400, Philippines","American, Filipino, Café",5.0
48,545,Bellepat,Tayabas,"Brgy. Wakas, Lita Subd., Luzon, Philippines",Café,5.0
49,8,Ace International Buffet,Antipolo,"United St. | Corner Brixton St., Pasig, Luzon 1603, Philippines","Filipino, International, Asian",5.0
50,448,Mu Tan Food Paradise,Puerto Princesa,"Manalo Street | Rodolfo Royale Hotel, Puerto Princesa, Palawan Island 5300, Philippines","Asian, Taiwanese, Chinese",5.0
51,285,Akrotiri Real Greek Restobar,Muntinlupa,"Commerce Avenue, Cor Filinvest Ave Commerce Avenue | Commercenter Alabang, Muntinlupa, Luzon 1780, Philippines","Mediterranean, Bar, European",5.0
53,33,Mang Kok's,Bacoor,"Buhay na Tubig | Unit H, C-BREED Arcade, Imus, Luzon 4103, Philippines","American, Filipino, Asian",5.0
54,13,Party Party Family KTV,Antipolo,"United Street | 6th Floor Ace Hotel And Suites, Pasig, Luzon 1603, Philippines","Bar, Pub, Vegan Options",5.0
57,18,Sky Garden Steak House,Antipolo,"8th Floor Ace Hotel & Suites | United Street corner Brixton Street, Kapitolyo, Pasig, Luzon 1603, Philippines","Steakhouse, Southwestern, Bar, International",5.0
58,536,The Borough Pizza Pub,Tarlac,"Bypass Road | San Vicente, Tarlac, Luzon 2300, Philippines","Pizza, Brew Pub, Bar",5.0
59,184,The Butcher & Sons Steakhouse,Las Piñas,"Daang Hari Road | Evia Lifestyle Center, Las Pinas, Luzon 4102, Philippines",Steakhouse,5.0
1,377,Finestra Italian Steakhouse,Parañaque,"1 Aseana Avenue | Entertainment City, Solaire Resort & Casino, Paranaque, Luzon 1701, Philippines","Italian, Pizza, Vegetarian Friendly",5.0
32,91,Tropitalian Restaurant,Batangas,"Palico - Nasugbu Hwy | Tuy, Batangas City, Luzon 4214, Philippines","Italian, Filipino",5.0
52,12,Sky High Bar,Antipolo,"United Street Corner Brixton Street | Penthouse, 21st Floor Ace Hotel And Suites United Corner Brixton Street, Pasig, Luzon 1603, Philippines","Bar, Filipino, International",5.0
15,493,Nanay Cirilas Kapeng Barako,Tagaytay,"Mayor's Drive | Mendez Crossing East, Tagaytay, Luzon 4126, Philippines","Filipino, International, Asian",5.0
29,399,Eats,Puerto Princesa,"Rizal avenue extension | Across the street from Island Stay hotel in Dagomboy, Puerto Princesa, Palawan Island, Philippines"," Filipino, Asian, Vegetarian Friendly",5.0
2,386,The Cafe,Parañaque,"Entertainment City, Paranaque, Manila Belle Avenue | Hyatt Regency Manila, City of Dreams, Paranaque, Luzon 1701, Philippines","Chinese, Japanese, International",5.0
3,381,Red Lantern,Parañaque,"1 Aseana Avenue, Entertainment City | Entertainment City, Solaire Resort & Casino, Paranaque, Luzon 1701, Philippines","Chinese, Asian, Vegetarian Friendly",5.0
4,380,Waterside Latin Inspired Cuisine,Parañaque,"1 Asean Avenue, Entertainment City | Entertainment City, Solaire Resort & Casino, Paranaque, Luzon 1701, Philippines"," Latin, Bar, Vegetarian Friendly",5.0
5,379,Yakumi,Parañaque,"Aseana Avenue | Entertainment City, Solaire Resort & Casino, Paranaque, Luzon 1701, Philippines","Japanese, Seafood, Asian",5.0
7,1,Bar One,Antipolo,"#1 ADB Avenue, Ortigas Center Pasig City, Philippines, Pasig, Luzon 1655, Philippines","Bar, Vegetarian Friendly, Gluten Free Options",5.0
8,378,Fresh International Buffet,Parañaque,"1 Aseana Avenue | Entertainment City, Solaire Resort & Casino, Paranaque, Luzon 1701, Philippines","International, Vegetarian Friendly, Vegan Options",5.0
9,435,The Smoky Place,Puerto Princesa," | Sabang Beach, Sabang, Puerto Princesa, Palawan Island 53000, Philippines"," Pizza, European, Vegetarian Friendly",5.0
10,422,NomNom Comfort Food,Puerto Princesa,"ARL Building 6, Baltan Street, Brgy. San Miguel, Puerto Princesa City, Puerto Princesa, Palawan Island 5300, Philippines","Cafe, Filipino, Fusion",5.0
11,533,Renyle Cuisine Fusion Restaurant,Tarlac,"RIC Building, Bypass Road, San Sebastian, Tarlac, Luzon 2300, Philippines","Filipino, Asian, Fusion",5.0
12,374,Eclipse,Parañaque,"1 Aseana Avenue | Entertainment City, Solaire Resort & Casino, Paranaque, Luzon 1701, Philippines","Bar, Pub, Vegetarian Friendly",5.0
13,437,Feisty Chef Resto,Puerto Princesa,"Manalo Extension | UN'R Building, Brgy. Bancao-Bancao, Puerto Princesa, Palawan Island 5300, Philippines"," Italian, International, Canadian",5.0
14,534,The Shed,Tarlac,"Getha Road | San Sebastian, Right Beside Holy Spirit, Tarlac, Luzon 2300, Philippines",Café,5.0
6,61,Bearsi Korean Pot Pasta & Chicken,Baguio,"#38 Military Cut-Off | Ground Floor, Marian Palazz Hotel, Baguio, Luzon 2600, Philippines","Italian, Asian, Korean",5.0
16,535,Cafe Isabela,Tarlac,"Tarlac, Luzon, Philippines","Filipino, Asian",5.0
28,96,Brewista Coffee & Hookah Lounge,Batangas,"Tabangao - Lobo Rd | QV Plaza, Pallocan West, Batangas City, Luzon 4200, Philippines","Italian, Filipino, Asian",5.0
17,438,Reef Hotdogs,Puerto Princesa,"Rizal Ave | Junction one, Puerto Princesa, Palawan Island 5300, Philippines","Fast Food, European, Grill",5.0
27,403,Majo-Imbiss,Puerto Princesa,"399 Rizal Avenue, Bancao-Bancao | Beside aztec, Puerto Princesa, Palawan Island 5300, Philippines","German, European, Central European",5.0
25,115,Edgardo's Café,Cabanatuan,"Brgy Sta. Arcadia Emilio Vergara Hiway Ayala Town Center, Cabanatuan City, Luzon 3100, Philippines","Cafe, Pizza, Fusion",5.0
24,218,Chachi's Kitchen,Legazpi,"8 Tandang Sora St. | Pinaric, Legazpi, Luzon, Philippines","Indian, Vegetarian Friendly, Vegan Options",5.0
26,504,Trifoglio Ristorante,Tagaytay,"Fora Mall, Tagaytay, Luzon, Philippines","Italian, Pizza, Mediterranean",5.0
22,412,Bersian Restaurant,Puerto Princesa,"A. S. Rengel Road | Stellar Grounds, Rizal Avenue corner A., Bancao-Bancao, Puerto Princesa, Palawan Island 5300, Philippines","Mediterranean, Middle Eastern, Lebanese",5.0
21,402,Wines Cold Cuts Restaurant,Puerto Princesa,"420, Rizal Avenue Extension, Bancao-Bancao, Puerto Princesa, Palawan Island 5300, Philippines","Spanish, International, Mediterranean",5.0
20,39,Tau Ceti Specialty Coffee,Baguio,"St.Jude Thaddeus bldg 101 Marcoville | Level 2, corner Old Forestry Compound Rd, Baguio, Luzon 2600, Philippines",Café,5.0
19,421,Hen House American BBQ & Grill,Puerto Princesa,"Barangay Bancao Bancao Rizal Avenue | Tell the driver across from Citra Mina, Dagumboy Village, Puerto Princesa, Palawan Island 5300, Philippines"," American, Bar, Barbecue",5.0
18,430,Kusina ni Tito Ernie,Puerto Princesa,"Abanico Road | Barangay San Pedro, Puerto Princesa, Palawan Island 5300, Philippines","Filipino, Cafe, Asian",5.0
183,35,Sebo Pacific,Bacoor,"332 Diamond Street | Perpetual Village 4, Panapaan 8, Bacoor, Luzon 4102, Philippines","Filipino, Asian",4.5
178,71,House Of Yogurt Lover,Baguio,"# 39 Marcos Highway, Baguio, Luzon 2600, Philippines","Italian, Filipino, Cafe, Asian",4.5
179,73,Beggang Resto Grill,Baguio,"Skating Rink, Burnham Park | Jose Salcedo Street, Baguio, Luzon, Philippines","Filipino, Asian",4.5
180,74,Sakura Terrace,Baguio,"168 Military Cut-off | between Kubong Sawali and Zio's, Baguio, Luzon 2600, Philippines","Japanese, Asian, Vegetarian Friendly",4.5
181,530,Cafe Maja Rica,Tarlac,"219 MacArthur Hwy | Corner Ligtasan Street La Maja Rica Hotel, Tarlac, Luzon 4904, Philippines","Italian, American, Filipino",4.5
182,529,Rose and Grace Restaurant,Tanauan,"Tanauan City, Luzon, Philippines","Filipino, Asian, Vegetarian Friendly",4.5
185,80,Manpiyaan Café,Baguio,"217 Long Long Feder Road | BHM Building, Baguio, Luzon 2600, Philippines","Cafe, American, Filipino",4.5
186,34,Kat's,Bacoor,"Immaculata Street corner Abel Nosce Street, Las Pinas, Luzon 1747, Philippines","Cafe, International",4.5
187,532,Hamiltons Restaurant and Bar,Tarlac,"Caramutan, Tarlac, Luzon 2314, Philippines","Filipino, Asian, Vegetarian Friendly",4.5
188,32,Petit Bistro,Bacoor,"Civic Drive | Ground Level, Water Garden, Festival Supermall, Muntinlupa, Luzon 1780, Philippines","French, Spanish, Asian",4.5
190,86,El Toro German Restaurant,Batangas,"Diversion Road, Batangas City, Luzon 4200, Philippines","German, European",4.5
191,539,Jack Meets Kaldi Specialty Coffee,Tarlac,"Unit II - Cluster IV Ripples Building | Talon City Plaza, San Vicente, Tarlac, Luzon 2300, Philippines",Café,4.5
171,118,Umbria,Cabanatuan,"Maharlika Highway, Cabanatuan City, Luzon 3106, Philippines",Steakhouse,4.5
172,502,Fire Lake Grill,Tagaytay,"Unit 3 Cliffhouse Tagaytay | General Emilio Aguinaldo Highway, Tagaytay, Luzon 5120, Philippines","Steakhouse, International",4.5
170,116,Not Your Ordinary Koffee,Cabanatuan,"M. de Leon corner general tinio ext., Cabanatuan City, Luzon 3100, Philippines",Café,4.5
152,330,Casa Soriano Family Heirloom Cuisine,Naga,"39 Concepcion Grande | Inside Lisam Goodyear Servitek, Naga, Luzon 4400, Philippines","Filipino, Asian, Vegetarian Friendly",4.5
153,40,Meal Lab,Baguio,"Leonardo Wood Road | 3rd Floor, Leonard Wood Terraces, Baguio, Luzon 2600, Philippines","American, Filipino, Asian",4.5
154,28,Clash of Burgers,Bacoor,"Meadowood Ave | Blk22 lot3, Bacoor, Luzon, Philippines",Fast Food,4.5
158,27,Skillets and Grill,Bacoor,"Bf Resort Drive, Las Pinas, Luzon 1740, Philippinea","Filipino, Asian, Vegetarian Friendly",4.5
160,26,"Tong Yang Plus, SM City Bacoor",Bacoor,"Tirona Highway | SM City Bacoor, Bacoor, Luzon 4102, Philippines","Asian, Chinese, Filipino",4.5
169,114,Yellow Cab,Cabanatuan,"Maharlika Highway | Brgy. Hermogenes Concepcion, SM City Cabanatuan, Cabanatuan City, Luzon 3100, Philippines","Italian, American, Asian",4.5
162,107,Barj Cafe,Cabanatuan,"Maharlika Highway, Cabanatuan City, Luzon, Philippines","American, Filipino, Asian",4.5
163,507,Restaurant Verbena,Tagaytay,"Discovery Country Suites, 300 Calamba Road | San Jose, Tagaytay, Luzon, Philippines"," International, Vegetarian Friendly",4.5
164,62,Hamada,Baguio,"Baguio Country Club | Country Club Road, Baguio, Luzon, Philippines","Japanese, Sushi, Asian",4.5
165,110,Edna's Cakeland,Cabanatuan,"Kapt.Pepe Ave, Cabanatuan City, Luzon 3100, Philippines",Bakery,4.5
166,537,Urban Brew,Tarlac,"30 Romulo Boulevard | Terazza Building, Tarlac, Luzon 2300, Philippines","Filipino, Bar, Pizza",4.5
167,112,Rustica Restaurant,Cabanatuan,"Maharlika Highway | Across from Zulueta Street, Cabanatuan City, Luzon 3100, Philippines","Filipino, Asian, Vegetarian Friendly",4.5
168,60,Olive Café,Baguio,"19 Kisad Rd | Venus Parkview Hotel, Baguio, Luzon 2600, Philippines","Cafe, Italian, Chinese",4.5
193,30,Cafe Eight,Bacoor,"Civic Drive | Crimson Hotel Filinvest City Alabang, Muntinlupa, Luzon 1780, Philippines"," International, Vegetarian Friendly, Vegan Options",4.5
225,56,Eve's Garden,Baguio,"Lamtang Road | Benguet, Baguio, Luzon, Philippines","Healthy, Vegetarian Friendly, Vegan Options",4.5
196,540,Tatuns Kambingan,Tarlac,"7051 Fairlane Subd | San Vicente, Tarlac, Luzon 2300, Philippines","Filipino, Asian",4.5
219,41,Baguio Craft Brewery,Baguio,"Km 4 Marcos Hwy | 120 RKC Bldg., Baguio, Luzon 2600, Philippines","Fusion, Gastr, Pub",4.5
220,24,Yoree Korean Barbeque Dining - Molito,Bacoor,"Alabang-Zapote Rd | Alabang Zapote Rd. Cor. Madrigal Ave., Ayala Alabang,Muntinlupa City, Muntinlupa, Luzon 1799, Philippines","International, Barbecue, Asian",4.5
221,49,Roadhouse Barn Restaurant,Baguio,"#1 Villamor Drive, Brgy. Lualhati | Unit 119, Ground Floor, Albergo Hotel, Baguio, Luzon 2600, Philippines","American, Steakhouse, Bar",4.5
222,52,Amare La Cucina,Baguio,"1 Ignacio Villamor Street | Brgy. Lualhati, Baguio, Luzon 2600, Philippines","Italian, Pizza, Vegetarian Friendly",4.5
223,492,Cafe Voi La,Tagaytay,"Iruhin Crosswinds, Tagaytay, Luzon 4120, Philippines","Cafe, Asian, Thai",4.5
224,497,Morielli's Inn & Diner,Tagaytay,"Tagaytay - Calamba Rd Cor St. Francis Dr, Tagaytay, Luzon 4120, Philippines","Italian, Mexican, American",4.5
149,371,Crystal Dragon,Parañaque,"Aseana Boulevard corner Macapagal Avenue | Upper Ground Floor, Nüwa, Tower 1, Paranaque, Luzon 1701, Philippines","Chinese, Asian, Vegetarian Friendly",4.5
227,54,KING CHEF Dimsum Kitchen Baguio,Baguio,"49 Legarda Road, Baguio, Luzon 2600, Philippines","Chinese, Asian",4.5
228,19,The Black Pig,Bacoor,"2F Commercenter Alabang | Commerce cor East Asia Drive, Filinvest Corporate City, Muntinlupa, Luzon 1708, Philippines","European, Contemporary",4.5
229,542,Thuk Thuk Restaurant & Pastries,Tarlac,"Concepcion - Capas Road | Brgy. San Juan Concepcion,, Tarlac, Luzon 2316, Philippines",Thai,4.5
230,69,The Tasting Room at Baguio Craft Brewery,Baguio,"120 Marcos Highway | 120 RKC Bldg., Baguio, Luzon 2600, Philippines","Fusion, Gastro, Pub, American",4.5
231,22,Bawai's Vietnamese Kitchen,Bacoor,"5 J.Hernandez St | Silang Cavite, Silang, Luzon 4118, Philippines","Asian, Vietnamese, Vegetarian Friendly",4.5
233,491,Aozora Japanese Restaurant,Tagaytay,"SVD Road | Corner Tagaytay-Calamba Road, Tagaytay, Luzon 2418, Philippines","Japanese, Sushi, Asian",4.5
234,50,Red Rustikz,Baguio,"82 Upper General Luna Road, Baguio, Luzon 2600, Philippines","Italian, Pizza, European",4.5
236,490,Antonio's Garden,Tagaytay,"Purok 138, Barangay Neogan | Barangay Neogan, Tagaytay, Luzon, Philippines","Deli, Vegetarian Friendly, Vegan Options",4.5
237,20,Ramen Yushoken,Bacoor,"Molito, Madrigal Avenue | Madrigal Avenue cor. Zapote Road, Muntinlupa, Luzon, Philippines","Japanese, Asian, Soups",4.5
218,2,VU's,Antipolo,"Meralco Avenue and Sapphire Road | Marco Polo Ortigas Manila, Pasig, Luzon 1600, Philippine","Bar, Pub",4.5
205,482,Ridge Park Kainan sa Kubo,Tagaytay,"Maharlika West, Tagaytay, Luzon 4120, Philippines","Filipino, Asian",4.5
197,68,Health 100,Baguio,"Magsaysay Avenue, Baguio, Luzon, Philippines","Vegetarian Friendly, Vegan Options",4.5
198,25,The Nest Alabang,Bacoor,"31/F Vivere Hotel, 5102 Bridgeway Ave. cor., Asean Drive, Filinvest Corporate City | Vivere Hotel, Muntinlupa, Luzon 1781, Philippines","Filipino, Asian, Fusion",4.5
199,57,Habibis Grill,Baguio,"Shuntug Street Corner F. Bautista Drive | Lower ground floor, Travel Lite Express Hotel, Baguio, Luzon 2600, Philippines","Lebanese, Filipino, Mediterranean",4.5
200,16,"Four Seasons Buffet & Hotpot, Araneta Center Cubao",Antipolo,"Manhattan Parkview, Gen. Roxas Avenue | Araneta Center, Cubao, Quezon City, Luzon 1109, Philippine","Filipino, Sushi, Asian",4.5
201,486,Siglo Modern Filipino,Tagaytay,"Sungay East 3500 Tagaytay Calamba Road, Tagaytay, Luzon 4120, Philippines","Filipino, Asian, Vegetarian Friendly",4.5
202,45,Vincent's Place,Baguio,"# 8 Loakan Road, Baguio, Luzon 2600, Philippines","Filipino, Asian, Vegetarian Friendly",4.5
203,483,Gabriella at Nurture Wellness Village,Tagaytay,"#7310 | Pulong Sagingan, Barangay Maitim II West Cavite, Tagaytay, Luzon 4120, Philippines","Filipino, Asian, Vegetarian Friendly",4.5
204,15,Seven Corners,Antipolo,"Corner Asian Development Bank and Ortigas Avenues | Crowne Plaza Galleria Manila, Quezon City, Luzon 1100, Philippines","International, Asian, Vegetarian Friendly",4.5
206,14,FAB Restaurant,Antipolo,"#1 Adb Avenue | Ortigas Center, Pasig, Luzon 1655, Philippines","American, Indian, Filipino",4.5
207,10,Millie's All-Day Dining at Microtel UP Technohub QC,Antipolo,"Microtel by Wyndham UP Technohub Commonwealth Avenue | UP-AyalaLand Technohub, Diliman, Quezon City, Luzon 1121, Philippines","Italian, Filipino, International",4.5
209,43,Farmer's Daughter Restaurant,Baguio,"Tam-Awan, Long Long, Baguio, Luzon 2600, Philippines","Filipino, Asian, Vegetarian Friendly",4.5
211,548,Memphis Garden Café and Grille,Tayabas,"Graceland Estates and County Club, Barangay Camaysa, Tayabas City,  Luzon, Philippines","American, Filipino,  Café, Seafood",4.5
212,5,22 Prime,Antipolo,"1 Adb Avenue | 25 ADB Avenue, Ortigas Center, Pasig, Luzon 1605, Philippines","Steakhouse, International, Vegetarian Friendly",4.5
213,549,Air Summit Gourmet,Tayabas,"Brgy. Dapdap, Tayabas-Lucban Road, Tayabas City, Luzon, Philippines","Filipino, Asian",4.5
150,272,Yabu. The House of Katsu,Marikina,"2/F the Block, SM North Edsa, Quezon City, Luzon, Philippines","Japanese, Asian, Vegetarian Friendly",4.5
173,59,Majic Oven Bakeshop & Café,Baguio,"114 Les Sarfenelle, Baguio, Luzon 2600, Philippines","Italian, Pizza, Cafe",4.5
148,373,Ramen Kuroda,Parañaque,"96 Aguirre Ave. Phase 1 BF Homes, Paranaque, Luzon 1720, Philippines","Japanese, Asian, Soups",4.5
82,450,Cafe Noelle - GREENFIELDS,San Fernando Pampanga,"Greenfields Square | MacArthur Highway, San Fernando, Luzon 2000, Philippines","American, Filipino, International",4.5
84,453,Bubusuk Goto Anne Corner,San Fernando Pampanga,"Magdalena Street Lazatin Blvd San Agustin San Fernando Pampanga, San Fernando, Luzon 2000, Philippines","Filipino, Asian, Vegetarian Friendly",4.5
85,205,Gilians Sea Wharf Chef,Legazpi,"Port Area | Victory Village, Legazpi, Luzon 4500, Philippines","Filipino, Asian",4.5
86,461,The SOUQ Pampanga,San Fernando Pampanga,"Lazatin Blvd., San Fernando, Luzon 2000, Philippines","Filipino, Asian, International",4.5
87,206,Zoe's Kitchen & Fat Wacky's,Legazpi,"Puro, Legazpi, Luzon 4500, Philippines","Filipino, Bar, Asian",4.5
88,432,Asiano Gourmet Cuisine,Puerto Princesa,"Beach Front | Brgy. Cabayugan, Sabang, Puerto Princesa, Palawan Island, Philippines","Filipino, Seafood, Asian",4.5
89,431,Namaskar Vegetarian,Puerto Princesa,"75-P Burgos Street, Puerto Princesa, Palawan Island 5300, Philippines"," Filipino, Asian, Vegetarian Friendly",4.5
90,456,Vikings,San Fernando Pampanga,"Jose Abad Santos Avenue | SM Pampanga, Mexico, Luzon 2021, Philippines","Chinese, Japanese, Filipino",4.5
91,428,Tadzmaki Sushi Restaurant,Puerto Princesa,"Wescom Road | #4 Romasanta Street, Barangay San Pedro, Beside Dolce Vita Hotel, Puerto Princesa, Palawan Island 5300, Philippines","Japanese, Sushi, Asian",4.5
92,426,The Food Jeepney,Puerto Princesa,"Rizal Avenue, Puerto Princesa, Palawan Island 5300, Philippines"," French, Polish, European",4.5
93,460,Ruben,San Fernando Pampanga,"MacArthur Highway, San Fernando, Luzon 2000, Philippines","Caribbean, Latin, International",4.5
94,214,Cres Snack Inn,Legazpi,"Rizal Street, Legazpi, s","Filipino, Chinese",4.5
95,202,Altrove BF Homes,Las Piñas,"858 Tropical Avenue | BF Homes, Las Pinas, Luzon 1747, Philippines"," Italian, Pizza, European",4.5
96,0,Xin Tian Di,Antipolo,"Fourth Floor | Crowne Plaza Galleria. Ortigas Avenue, Quezon City, Luzon, Philippines","Chinese, Asian, Vegetarian Friendly",4.5
97,226,Ala Fiesta,Lipa," | Sabang Rotonda, Lipa City, Luzon, Philippines",Filipino,4.5
98,311,Vue Bar,Muntinlupa,"Filinvest Corporate City, Alabang, Munt Bridgeway, Muntinlupa, Luzon 1799, Philippines","Bar, Pub, Contemporary",4.5
99,277,A-Won Commer Center,Muntinlupa,"Commerce Corner Filinvest Avenue Filinvest City | Commer Center 2F, Muntinlupa, Luzon, Philippine"," Asian, Korean, Barbecue",4.5
100,363,Daniele's CASA MIA,Parañaque,"Dr. A. Santos Avenue | 300 mt from new SM BF Paranaque, Paranaque, Luzon, Philippines","Italian, Pizza, Vegetarian Friendly",4.5
101,359,Dragon Bar,Parañaque,"1 Aseana Avenue | Entertainment City, Solaire Resort & Casino, Paranaque, Luzon 1701, Philippines","Bar, Pub",4.5
102,291,Caviar Restaurant and Champagne Bar,Muntinlupa,"Unit A-206, westgate centre, Alabang, Muntinlupa, Luzon 1781, Philippines","Grill, French, Seafood",4.5
83,434,Painted Table,Puerto Princesa,"North Road Cor. San Juan Road | Canvas Boutique Hotel, Brgy San Miguel, Puerto Princesa, Palawan Island 5300, Philippines","Mexican, International, Vegetarian Friendly",4.5
81,413,Kusinero's Bila'O order & Catering Services,Puerto Princesa,"Rizal ave. Extension Dagumboy, Puerto Princesa, Palawan Island, Philippines","Mexican, Filipino, Asian",4.5
104,355,La Chinesca,Parañaque,"248 A. Aguirre Avenue | BF Homes, Paranaque, Paranaque, Luzon 1720, Philippines",Mexican,4.5
80,447,Fat Tony's Restaurant,Puerto Princesa,"Southwind Resort,South National Highway, Tiniguiban | If arriving by tricycle, ask for the adjacent landmark: Star Oil Tiniguiban., Puerto Princesa, Palawan Island, Philippines",", Filipino, International, Vegetarian Friendly",4.5
61,420,Hibiscus Pizzeria and Bar,Puerto Princesa,"Manalo Street | Barangay Milagrosa, Hibiscus Garden Inn, Puerto Princesa, Palawan Island 5300, Philippines","Italian, Pizza, Vegetarian Friendly",4.5
147,376,Medley Buffet,Parañaque,"Okada Manila, New Seaside Drive, Entertainment City, Paranaque, Luzon 1701, Philippines","International, Asian, Vegan Options",4.5
62,440,Haim Chicken,Puerto Princesa,"294 Manalo Extension | 294 Manalo Extension Street, Puerto Princesa, Palawan Island 5300, Philippines","Asian, Grill, Filipino",4.5
63,419,CAPTAIN RIBS,Puerto Princesa,"295 Manalo Extension | Bancao Bancao, Puerto Princesa, Palawan Island 5300, Philippines","Filipino, Barbecue, European",4.5
64,464,Denlim's Kitchen,San Fernando Pampanga,"Maharlika St., San Fernando, Luzon, Philippines","Filipino, Asian, Fusion",4.5
65,465,Rainforest Kitchen,San Fernando Pampanga,"I Pope Building | Greenfields Commercial Complex, San Fernando, Luzon, Philippines",Mediterranean,4.5
67,466,The Orange Bucket,San Fernando Pampanga,"Kalahi Industrial Road | San Isidro, City of San Fernando Pampanga, San Fernando, Luzon 2000, Philippines","Cajun & Creole, Seafood, Asian",4.5
68,418,Kalui Restaurant,Puerto Princesa,"369 Rizal Avenue, Puerto Princesa, Puerto Princesa, Palawan Island 5300, Philippines","Filipino, Seafood, Asian",4.5
69,417,La Terrasse Cafe,Puerto Princesa,"Rizal Avenue | Bancao Bancao / Fullbright School, Puerto Princesa, Palawan Island 5300, Philippines","Filipino, European, Asian",4.5
70,416,Deep Forest Wine Bar & Restaurant,Puerto Princesa,"Gabinete Road Bancao Bancao | Idiots, Puerto Princesa, Palawan Island 5300, Philippines","European, Asian, International",4.5
71,415,Ima's Vegetarian Restaurant,Puerto Princesa,"46 Fernandez Street, Puerto Princesa, Palawan Island 5300, Philippines","Healthy, Vegetarian Friendly, Vegan Options",4.5
72,169,Pallet House,Iriga,"084 Dahlia St., San Miguel, Iriga City, Luzon,  Philippines",Café,4.5
74,423,L element bar&seafood Restaurant,Puerto Princesa,"Bancao Bancao,Puerto Princesa,Palawan,Philippines Rizal Avenue, Puerto Princesa, Palawan Island 5300, Philippines","Chinese, Asian, Seafood",4.5
77,196,Sambo Kojin,Las Piñas,"G/F Eastwing Food Street | SM Southmall, Alabang-Zapote Road, Las Pinas, Luzon 1708, Philippines","Japanese, Asian, Sushi",4.5
78,442,Olio E Basilico Ristorante,Puerto Princesa,"Villarosa Street | Bancao Bancao, Puerto Princesa, Palawan Island 5300, Philippines","Italian, Pizza, Mediterranean",4.5
79,446,Fujisan,Puerto Princesa,"Manalo St | Brgy. Tanglaw, Puerto Princesa, Palawan Island 5300, Philippines"," Japanese, Sushi, Asian",4.5
103,293,Phoenix Court Chinese Restaurant,Muntinlupa,"N Bridgeway Muntinlupa | Bellevue Hotel Manila, Muntinlupa, Luzon 1781, Philippines","Chinese, Asian, Vegetarian Friendly",4.5
76,454,Parmisanos Bistro,San Fernando Pampanga,"KM78 McArthur Highway San Agustin San Fernando Pampanga | Across Vista Mall, San Fernando, Luzon 2000, Philippines","Italian, Pizza, Filipino",4.5
105,354,Sensei Sushi,Parañaque,"268 A.Aguirre Ave, Paranaque, Luzon 1720, Philippines","Japanese, Sushi, Asian",4.5
126,248,MJD Urban Escape Farm,Lucena,"Bocohan, Lucena City, Luzon, Philippines","Filipino, Asian",4.5
128,230,Gastro Publiko,Lipa,"Ayala Highway, Lipa City, Luzon 4217, Philippines","Filipino, Asian",4.5
129,231,Casa Marikit,Lipa,"Banay-Banay Concepcion | Road to Mataas Na Kahoy opposite Lipa Air Force driving Range., Lipa City, Luzon, Philippines","Italian, Pizza, Vegetarian Friendly",4.5
130,232,Candlelight Café,Lipa,"222 Pres. J. P. Laurel Highway, Lipa City, Luzon 4217, Philippines",Cafe,4.5
131,407,Artisans,Puerto Princesa,"ARL Building | Rizal Ave, Brgy San Miguel, Puerto Princesa, Palawan Island 5300, Philippines","European, International, Vegetarian Friendly",4.5
132,404,Pawikan Restaurant,Puerto Princesa," | Daluyon Beach and Mountain Resort, Sabang Beach, Brgy. Cabayugan, Sabang, Puerto Princesa, Palawan Island 5300, Philippines","Filipino, Asian, International",4.5
133,398,"Tong Yang Plus, SM City Bicutan",Parañaque,"UGF, Building B, SM City Bicutan, Dona Soledad Ave. cor. West Service Road, Bicutan,, Paranaque, Luzon 1700, Philippines","Japanese, Filipino, International",4.5
135,394,Kiwa,Parañaque,"1 Aseana Avenue | Solaire Resort & Casino, Paranaque, Luzon 1701, Philippines","Barbecue, Asian, Korean",4.5
136,245,Senoritas Mexinoy Kitchen,Lucena,"Bonifacio Blvd. Pleasantville Subd., Lucena City, Luzon, Philippines","Mexican, Filipino, Bar",4.5
137,392,S&R New York Style Pizza,Parañaque,"Pres. Diosdado Macapagal Boulevard, Paranaque, Luzon 1701, Philippines","Pizza, Italian",4.5
138,391,Ramboy's Restaurant,Parañaque,"Presidents Avenue | BF Homes, Paranaque, Luzon, Philippines","Filipino, Asian",4.5
139,370,Bamba Bistro,Parañaque,"55 Aguirre Avenue Corner, Paranaque, Luzon 1720, Philippines","Italian, American, Contemporary",4.5
141,251,"Sea Isle Bar, Grill, and Restaurant",Lucena,"Blk 12, Lot 2, Dona Aurora Blvd., Gulang-Gulang, Lucena City, Luzon, Philippines","Filipino, Asian, Seafood",4.5
142,389,Enbu,Parañaque,"New Seaside Dr | Okada Manila, Paranaque, Luzon 1701, Philippines","Japanese, Sushi",4.5
143,388,Jing Ting,Parañaque,"Aseana Boulevard corner Macapagal Avenue | Upper Ground Floor, City of Dreams Manila, Paranaque, Luzon 1701, Philippines","Chinese, Asian",4.5
144,382,Luk Foo,Parañaque,"Airport Road | Puregold Mall, Paranaque, Luzon, Philippines","Chinese, Asian, Vegetarian Friendly",4.5
106,353,Tatsunoko,Parañaque,"452 El Grande Street | BF Homes, Paranaque, Luzon, Philippines","Japanese, Asian",4.5
145,261,Ninyo Fusion Cuisine,Marikina,"66 Esteban Abada Street | Loyola Heights, Quezon City, Luzon, Philippines","Asian, Japanese, Vegetarian Friendly",4.5
146,266,Ca Phe Saigon,Marikina,"14 Red Cedar Street, Marikina, Luzon 1801, Philippines"," Asian, Vietnamese, Vegetarian Friendly",4.5
127,408,Pergola,Puerto Princesa,"Rizal Avenue, Puerto Princesa, Palawan Island 5300, Philippines","Asian, Thai, Vegetarian Friendly",4.5
140,250,Reasons,Lucena,"Quezon Avenue cor Barcelona St., Lucena City, Luzon, Philippines","Filipino, Asian, Mexican",4.5
115,338,Rali's Restaurant,Olongapo,"Argonaut Highway | Malawaan Park, Subic Bay Freeport Zone, Luzon 2222, Philippines","International, Italian, Spanish",4.5
116,321,M Soledad Restaurant,Naga,"La Piazza, Corner Magsaysay, Naga, Luzon 4400, Philippines","Filipino, Asian, Spanish",4.5
110,340,Shamboli's,Olongapo,"National Road, Olongapo, Luzon 2200, Philippines","Pizza, Vegetarian Friendly",4.5
111,366,Maty's Tapsilog & Bbq,Parañaque,"Quirino Avenue | Don Galo, Paranaque, Luzon 1700, Philippines","Filipino, Barbecue, Asian",4.5
112,339,Wild Herbs Restaurant,Olongapo,"67 National Highway, Barrio Barretto, Olongapo, Luzon 2200, Philippines","Asian, Thai, Vegetarian Friendly",4.5
113,315,Thomson Road Chinese Bistro,Muntinlupa,"Molito Commercial Complex, Muntinlupa, Luzon 1781, Philippines",Chinese,4.5
108,346,Texas Joe's House of Ribs,Olongapo,"Waterfront Rd. | cor. Mc. Kinley St., Subic Bay Freeport Zone, Luzon 2222, Philippines","Steakhouse, American, Southwestern",4.5
114,317,Naga Oriental Wok,Naga,"Avenue Square, Magsaysay Avenue, Naga, Luzon 4400, Philippines",Chinese,4.5
125,410,The Orange Gecko-Tagu'an,Puerto Princesa,"129 Villa Rosa Rd, Bancao-Bancao | Lala Panzi, Puerto Princesa, Palawan Island 5300, Philippines","International, European, Vegetarian Friendly",4.5
117,322,Bistro Roberto,Naga,"Magsaysay Avenue, Naga, Luzon 4400, Philippines",Asian,4.5
118,323,Green Earth Café,Naga,"Soriano Ave | Villa Sorabella Subd., Naga, Luzon 4400, Philippines","Asian, Vegan Options, Vegetarian Friendly",4.5
119,335,Pirates Bistro,Olongapo,"532 Waterfront Road, Subic Bay Freeport Zone, Luzon 2222, Philippines"," Bar, International, Caucasian",4.5
120,325,The Coffee Table,Naga,"Catmon II Street | 2nd Floor Adc Hotel, Magsaysay Avenue, Naga, Luzon 4400, Philippines","Cafe, American",4.5
121,334,Sit-n-Bull Bar & Grill,Olongapo,"14 Del Pilar St | Barretto, Olongapo, Luzon 2200, Philippines","American, Bar, Italian",4.5
122,333,Mango's Beach Bar and Restaurant,Olongapo,"Barrio Barretto 116 National Hwy | Barrio Barretto, Olongapo, Luzon 2200, Philippines","Seafood, Grill, Filipino",4.5
107,352,The Tasting Room,Parañaque,"Aseana Boulevard corner Macapagal Avenue | Ground Floor, Nüwa, City of Dreams Manila, Paranaque, Luzon 1701, Philippines","nternational, European",4.5
123,364,Aroi,Parañaque,"4 President Ave, Paranaque, Luzon 1700, Philippines",Thai,4.5
124,367,Mensakaba Geishu,Parañaque,"Aguirre Avenue, BF Home, Paranaque, Luzon, Philippines","Japanese, Asian, Soups",4.5
109,305,Hatsune,Muntinlupa," | 2nd Flr. The Bellevue Manila, Muntinlupa, Luzon, Philippines","Japanese, Vegetarian Friendly",4.5
238,253,Barrio Fiesta,Makati,"Makati Ave. cor. Valdez St, Makati, Luzon, Philippines",Southeast Asian,4.3
240,256,Korean Palace Restaurant,Manila,"cnr M Adriatico & Remedios Sts | Malate, Manila, Luzon, Philippines","Korean, Barbecue",4.2
245,254,Tim Ho Wan,Makati,"Glorietta 3 | Ayala Center, Makati, Luzon, Philippines",Other Chinese Cuisine,4.1
385,278,8 Cuts Burger Blends,Muntinlupa,"Alabang Town Center G/F Commerce Avenue | Ground Floor, Alabang Town Center, Muntinlupa, Luzon 1780, Philippines"," American, Diner",4.0
377,208,Willkommen Cafe and Restaurant,Legazpi,"Benny Imperial St. | Pvlb 7, Casablanca Suites, Legazpi, Luzon 4500, Philippines","International, European",4.0
376,210,Max's Restaurant,Legazpi,"Ground Floor, Pacific Mall | Landco Business Park, Corner Circumferential Road and F. Imperial Street, Legazpi, Luzon, Philippines","Filipino, Asian",4.0
378,212,La Mia Tazza Coffee,Legazpi,"Embacadero de Legaspi | Near Provincial Capitol, Legazpi, Luzon 4500, Philippines",Cafe,4.0
375,92,Share Café,Batangas,"Manuela Q Pastor Avenue | Share Cafe Building, Pallocan West, Batangas City, Luzon 4200, Philippines","Italian, American, Filipino",4.0
379,299,Yabu,Muntinlupa,"Alabang_Zapote Road | Alabang Town Center 2F, Muntinlupa, Luzon, Philippines",Japanese,4.0
380,297,Crisostomo Restaurant,Muntinlupa,"Alabang Town Center, Muntinlupa, Luzon, Philippines","Filipino, Asian",4.0
381,296,Alba Restaurante,Muntinlupa,"Westgate Center | Filicity, Alabang, Muntinlupa, Luzon, Philippine","Spanish, European",4.0
382,295,Hanamaruken Ramen,Muntinlupa,"Alabang-Zapote Road | Second Floor, New Wing, Alabang Town Center, Muntinlupa, Luzon 1700, Philippines","Japanese, Asian, Soups",4.0
383,280,Sushi Ninja,Muntinlupa,"Filinvest Avenue | Westgate Centre, Alabang, Muntinlupa, Luzon 1700, Philippines","Japanese, Sushi, Asian",4.0
384,279,Bar Pintxos Tapas y Mas,Muntinlupa,"Don Jesus Boulevard | Ground Floor, Don Gesu Bldg., Muntinlupa, Luzon 1700, Philippines","Spanish, European, Pub",4.0
396,300,Manong's Bar and Grill,Muntinlupa,"22 Spectrum Midway Filinvest Corporate City, Muntinlupa, Luzon, Philippines","Filipino, Bar, Asian",4.0
386,276,Cafe d' Asie,Muntinlupa,"North Bridgeway | The Bellevue Hotels and Resorts, Filinvest City, Muntinlupa, Luzon 1781, Philippines",International,4.0
387,275,The Perfect Pint,Muntinlupa,"Madrigal Avenue | Molito Commercial Complex, Muntinlupa, Luzon, Philippines","Bar, Pub",4.0
388,274,The Cafe Mediterranean,Muntinlupa,"Second Floor Alabang Town Center, Muntinlupa, Luzon 1770, Philippines","Mediterranean, Greek, Middle Eastern",4.0
389,273,Gino's Brick Oven Pizza,Marikina,"Katipunan, Quezon City, Luzon, Philippines","Italian, Pizza",4.0
390,271,Cafe Xocolat,Marikina,"172 B. Gonzales Street | Loyola Heights, Quezon City, Luzon 1100, Philippines",Cafe,4.0
391,270,Pino Resto Bar,Marikina,"39 Malingap Street | Teacher's Village, Quezon City, Luzon 1101, Philippines","Filipino, Asian, Vegetarian Friendly",4.0
392,269,Bellini's Italian Restaurant,Marikina,"# 310 Shoe Ave | Cubao, Quezon City, Marikina, Luzon 1800, Philippines","Italian, Pizza, Vegetarian Friendly",4.0
393,268,Cafe Qizia,Marikina,"SDS Medical Center Compound | Katipunan Ext. Cor Pio del Pilar Street Concepcion II, Marikina, Luzon, Philippines"," Italian, Filipino, Cafe",4.0
394,213,Boklan Food Center,Legazpi,"66 Elizondo Street, Legazpi, Luzon 4500, Philippines","Chinese, Filipino, Asian",4.0
395,298,Union Jack Tavern - Alabang,Muntinlupa," | LGF Festival Expansion Wing, beside Water Garden River / near Alabang-Zapote Rotunda Parking, Muntinlupa, Luzon 1770, Philippines","British, Gastro, Pub, Vegetarian Friendly",4.0
350,117,Bistro 360,Cabanatuan,"General Tinio Street, Cabanatuan City, Luzon 3100, Philippines","Filipino, American, Asian",4.0
372,87,Irene's Bulalo sa Kubo,Batangas,"National Highway, Alangilan, Batangas City, Luzon 4200, Philippines","Filipino, Asian",4.0
359,93,Greenwich - SM City Batangas,Batangas,"SM City Batangas | Pallocan West, Batangas City, Luzon 4200, Philippines",Pizza,4.0
349,120,Joey's,Cabanatuan,"Gen. Luna Street, Cabanatuan City, Luzon 3100, Philippines","Filipino, Asian",4.0
398,301,Omakase,Muntinlupa,"Molito Complex | Alabang, Muntinlupa, Luzon, Philippines","Japanese, Sushi, Asian",4.0
351,94,D' Brothers Sports Bar & Grill,Batangas,"G.C Berberabe Subdivision, Batangas City, Luzon 4200, Philippines","Bar, Pub",4.0
352,113,Hap Chan,Cabanatuan,"Daang Maharlika Highway, Cabanatuan City, Luzon 3100, Philippines","Chinese, Asian",4.0
353,111,Lamarang Restaurant,Cabanatuan,"Circumferential Road, Cabanatuan City, Luzon 3100, Philippines",Filipino,4.0
354,109,Hapag Vicenticos,Cabanatuan,"1077 Del Pilar Street, Cabanatuan City, Luzon 3100, Philippines","Filipino, Asian, Vegetarian Friendly",4.0
356,99,Johanna's Grill,Batangas,"P. Burgos St. Brgy 12 Batangas City, Batangas City, Luzon 4200, Philippines","Filipino, American, Steakhouse",4.0
363,79,Canto Bogchi Joint,Baguio,"# 32 Kisad Road, Baguio, Luzon 2600, Philippines","Barbecue, Vegan Options",4.0
364,81,Rose Bowl,Baguio,"Upper Gen. Luna Rd., Baguio, Luzon 2600, Philippines","Chinese, Asian",4.0
365,82,Grumpy Joe,Baguio,"Leonard Wood Road, Baguio, Luzon 2600, Philippines","Italian, American, Pizza",4.0
367,83,SAGE CAFE Baguio,Baguio,"#95 | Military Cut-off, Baguio, Luzon 2600, Philippines","American, Filipino, International",4.0
370,84,Chef's Home,Baguio,"13 Outlook Drive,, Baguio, Luzon, Philippines","Asian, Malaysian",4.0
397,264,Tapsi ni Vivian,Marikina,"32 Gil Fernandez Ave., Marikina, Luzon, Philippines","Filipino, Asian",4.0
445,241,Irori Japanese Restaurant,Lipa,"Banay-banay, Concepcion, Lipa City, Lipa City, Luzon 4217, Philippines","Japanese, Sushi",4.0
399,327,Graceland,Naga,"SM City Naga, Naga, Luzon 4400, Philippines","Filipino, Fast Food, Asian",4.0
436,238,McDonald's,Lipa,"Katipunan Street, Lipa City, Luzon, Philippines","American, Fast Food",4.0
426,9,Krung Thai,Antipolo,"Corner M. Cruz and W. Paz Streets, Marikina, Luzon, Philippines","Asian, Thai, Vegetarian Friendly",4.0
427,221,Small Talk Café,Legazpi,"051 Dona Aurora Street, Legazpi, Luzon 4500, Philippines","Filipino, Cafe, Asian",4.0
428,220,1st Colonial Grill,Legazpi," | 1st Floor, Gaisano Mall, Legazpi, Luzon, Philippine","Filipino, Asian, Vegetarian Friendly",4.0
429,219,Sibid-Sibid,Legazpi,"328 Penaranda Extension | (North side of town, opposite Waway restaurant), Legazpi, Luzon, Philippines","Filipino, Seafood, Asian",4.0
430,217,DJC Halo Halo,Legazpi,"Landco Business Park, Legazpi, Luzon, Philippines",Filipino,4.0
431,216,Waway's,Legazpi,"Penaranda Extension, Legazpi, Luzon 4500, Philippines","Filipino, Asian",4.0
432,215,Bob Marlin Restaurant,Legazpi,"730 J Rizal St | Brgy 17, Old Albay, Legazpi, Luzon 4500, Philippines","Filipino, Asian, Vegetarian Friendly",4.0
433,235,Uncle Cheffy's,Lipa,"Ayala Ave, Lipa City, Luzon, Philippines","American, Asian",4.0
434,233,The Bee Hive Farm and Kitchen,Lipa,"17 Purok 2 Tambo, Lipa City, Luzon 04217, Philippines",American,4.0
435,4,Vikings Luxury Buffet,Antipolo,"SM City Marikina, Marikina, Luzon, Philippines","Mexican, Filipino, Grill",4.0
437,259,The Alley,Marikina,"Katipunan Avenue | 2F U.P. Town Center, Ayala Mall, Central Diliman, Quezon City, Luzon 1101, Philippines","Steakhouse, Filipino, International",4.0
400,324,Geewan,Naga,"P. Burgos Street, Naga, Luzon 4400, Philippines","Filipino, Asian",4.0
438,258,Wooden Spoon,Marikina,"Katipunan Avenue, Quezon City, Luzon, Philippines"," Filipino, Asian, Vegetarian Friendly",4.0
439,255,Italianni's,Makati,"Rosa St., Makati, Luzon, Philippines",Western-style,4.0
440,252,Shakeys,Lucena,"Pan - Philippines Highway, Lucena City, Luzon, Philippines",Pizza,4.0
441,249,Bubbles Crispy Pata and Restaurant,Lucena,"Corner Lakandula Granja St., Lucena City, Luzon, Philippines","Filipino, Asian",4.0
442,247,Catalino's Café and Restaurant,Lucena,"Gulang-Gulang, Lucena City, Luzon City, Philippines","Filipino, Asian",4.0
443,246,Buddys Pizza,Lucena,"214 Quezon Avenue, cor Leon Guinto, Lucena City, Luzon, Philippines","Filipino, Asian, Pizza",4.0
444,244,Purple Thyme Bistro,Lucena,"Southpoint Plaza, Citywalk, Maharlika Highway, RedV, Lucena City, Luzon, Philippines","Italian, American, Filipino",4.0
446,240,The Coffee Bean & Tea Leaf,Lipa,"Victoria | JP Laurel Highway, Mataas na Lupa, Lipa City, Luzon 4217, Philippines","American, Cafe",4.0
447,239,Banay Banay Eatery,Lipa,"Banay banay, Lipa City, Luzon, Philippines","Filipino, Asian",4.0
347,97,Hungry Hippo,Batangas,"University of Batangas | National Road, Batangas City, Luzon 4200, Philippines",American,4.0
425,223,Colonial Grill,Legazpi,"F. Imperial St | Albay 1/F Pacific Mall, Legazpi, Luzon, Philippines","Filipino, Asian, Vegetarian Friendly",4.0
424,224,Liam's Lomi House,Lipa,"Gen. Luna St. Brgy. Sabang, Lipa City, Luzon 4217, Philippines","Filipino, Asian",4.0
423,225,D'Ursi Pizza Autentica Pizzeria Napoletana,Lipa,"Pilahan Street | Sabang, Lipa City, Luzon 4217, Philippines","Italian, Pizza, European",4.0
422,7,HEAT,Antipolo,"1 Garden Way | Ortigas Center, Mandaluyong, Luzon 1550, Philippines","Chinese, American, Asian",4.0
401,320,Baker's Plaza,Naga,"P. Burgos Corner General Luna St, Naga, Luzon 4400, Philippines","Dessert, Filipino, Asian",4.0
402,319,Que Pasa,Naga,"Barlin Street, Naga, Luzon 4400, Philippines","Filipino, Spanish, Asian",4.0
403,318,Maki Yaki The Japanese Restaurant,Naga,"Unit 107 Ground floor Avenue lifestyle Center, Avenue Square | Ext cor. Magsaysay Ave, Naga, Luzon 4400, Philippines","Japanese, Asian, Sushi",4.0
404,314,Appenzeller Bar & Restaurant,Muntinlupa,"Estrellita Bldg II, Alabang-Zapote Road | Alabang, Muntinlupa, Luzon, Philippines","Bar, European, Pub",4.0
405,313,Shi Lin Taiwanese Restaurant,Muntinlupa,"Alabang Town Center, Muntinlupa, Luzon, Philippines","Chinese, Asian, Taiwanese",4.0
406,312,Cibo,Muntinlupa,"2/F Alabang Town Center, Alabang-Zapote Rd | Alabang, Muntinlupa, Luzon 1780, Philippines","Italian, Pizza, European",4.0
407,309,Draft,Muntinlupa,"Alabang Zapote Road | Molito Commercial, Building 6 Cluster 1 - Unit 1, Muntinlupa, Luzon 1742, Philippines","Bar, Pub, European",4.0
408,308,Coco Hut,Muntinlupa,"Commerce Avenue | Commerce Center, Muntinlupa, Luzon 1790, Philippines","Filipino, Fast Food, Asian",4.0
409,307,Miyazaki,Muntinlupa,"Madrigal Avenue | Lifestyle Extension Bldg 7, Muntinlupa, Luzon 1780, Philippines","Japanese, Sushi, Asian",4.0
410,304,Soga Miga Korean Restaurant,Muntinlupa,"Molito | Alabang Molito Commercial Complex, Muntinlupa, Luzon 1781, Philippines","Asian, Korean",4.0
411,303,Romulo Café,Muntinlupa,"2205 Market St. | Azumi Boutique Hotel, Madrigal Business Park, Muntinlupa, Luzon 1780, Philippines","Filipino, Asian, Vegetarian Friendly",4.0
412,302,Acaci,Muntinlupa,"Acacia Hotel Manila | 5400 East Asia Drive, Muntinlupa, Luzon, Philippines","International, Asian",4.0
413,3,Cafe Lidia,Antipolo,"64 Calderon St. Calumpang, Marikina, Luzon, Philippines","Italian, Pizza, Cafe",4.0
414,265,Miguel & Maria Restaurant,Marikina,"89 Lilac St | Concepcion Dos, Marikina, Luzon 1800, Philippines","American, Bar, Pub",4.0
415,267,Provenciano,Marikina,"110 Maginhawa Street, Quezon City, Luzon 1101, Philippines"," Filipino, Asian, Vegetarian Friendly",4.0
416,262,Silantro,Marikina,"Katipunan Avenue | B315 & B329, Second Floor, UP Town Center, Quezon City, Luzon, Philippines","Mexican, Bar",4.0
417,236,Big Belly's,Lipa,"Tambo, Lipa City, Luzon, Philippines",Asian,4.0
418,6,Din Tai Fung,Antipolo,"EDSA corner J. Vargas Avenue | G/F Mega Fashion Hall, SM Megamall, Mandaluyong, Luzon 1860, Philippines","Chinese, Asian, Taiwanese",4.0
419,260,Tamagoya Noodle House,Marikina,"2 Soliven Avenue, Antipolo City, Luzon 1803, Philippines"," Japanese, Asian, Soups",4.0
420,229,Cafe de Lipa,Lipa,"SM Lipa, Ayala Highway, Lipa City, Luzon, Philippines",Café,4.0
421,228,Fat Grill,Lipa,"B Morada Street, Lipa City, Luzon 4217, Philippines","Filipino, Asian",4.0
348,121,Caffe La Tea,Cabanatuan,"168 Mabini Street | Justo Building, Cabanatuan City, Luzon 3100, Philippines","Cafe, Filipino",4.0
250,349,Pier One Bar and Grill,Olongapo,"Moonbay Marina | Waterfront Road, Subic Bay Freeport Zone, Luzon, Philippines","Filipino, Bar, Pub",4.0
282,467,Nathaniel's Bakeshop,San Fernando Pampanga,"Km 69 Olongapo Gapan Road Dolores, San Fernando, Luzon 2000, Philippines","Filipino, Asian",4.0
272,487,Bulalo Point,Tagaytay,"Nasugbu -Tagaytay Road, Tagaytay, Luzon, Philippines","Filipino, Asian",4.0
273,485,Don Limone Grill,Tagaytay,"4870 Gen. Emilio Aguinaldo, Mendez Crossing | Tagaytay City, Tagaytay, Luzon 4120, Philippines", Mediterranean,4.0
274,455,Kabigting's Halo Halo,San Fernando Pampanga,"2nd flr. Nepo Mall Angeles | Marquee Mall & Guagua, San Fernando, Luzon, Philippines","Filipino, Asian",4.0
275,457,Coffee Project,San Fernando Pampanga,"2000 MacArthur Highway | Vista Mall Pampanga, San Fernando, Luzon 2000, Philippines",Cafe,4.0
276,481,"Concha's Garden Cafe - Cliffhouse, Tagaytay",Tagaytay,"Km 58 Marharlika East Aguinaldo | Cliffhouse, Tagaytay City, Tagaytay, Luzon, Philippines","Filipino, Asian",4.0
277,480,The Original Hawaiian Bar-B-Que,Tagaytay,"The Boutique Bed and Breakfast | 45 Aguinaldo Highway, Crossing East, Tagaytay, Luzon, Philippines","Barbecue, American, Seafood",4.0
278,478,Rowena's Cafe,Tagaytay,"#152 Brgy Francisco, Tagaytay, Luzon, Philippines", ,4.0
280,462,Susie's Cuisine,San Fernando Pampanga,"MacArthur Highway | Dolores, San Fernando, Pampanga, San Fernando, Luzon 2000, Philippines","Filipino, Asian",4.0
283,439,Badjao Seafront Restaurant,Puerto Princesa,"Abueg Road, Puerto Princesa, Palawan Island 5300, Philippines","Filipino, Seafood, Asian",4.0
295,496,Sonya's Secret Garden,Tagaytay,"Barangay Buck Estate, Alfonso, Cavite, Tagaytay, Luzon, Philippines","Filipino, Vegetarian Friendly, Vegan Options",4.0
284,494,Marcia Adams Restaurant,Tagaytay,"J.P.Rizal St, Brgy Sikat, Tagaytay, Luzon, Philippines","Mediterranean, European, International",4.0
285,495,Balay Dako,Tagaytay,"Tagaytay-Nasugbu Highway, Tagaytay, Luzon 4120, Philippines","Filipino, Asian, Vegetarian Friendly",4.0
288,393,Mulligan's,Parañaque,"Aguirre Ave, Paranaque, Luzon, Philippines","Irish, Bar, Pizza",4.0
291,396,Kiapo,Parañaque,"Okada Manila Seaside Drive | Entertainment City, Paranaque, Luzon 1701, Philippines","Filipino, Asian, Vegetarian Friendly",4.0
271,452,Bale Capampangan,San Fernando Pampanga,"Km 69 MacArthur Highway | Dolores, San Fernando, Luzon 2000, Philippines","Filipino, Asian, Vegetarian Friendly",4.0
345,95,Jovita Cafe,Batangas,"JPMM Extension Diversion Road | Santa Clara, Batangas City, Luzon 4200, Philippines","Filipino, Cafe, Healthy",4.0
269,488,LZM Restaurant,Tagaytay,"Cavite Magallanes Square, Maharlika East, Tagaytay, Luzon, Philippines","Filipino, Asian",4.0
268,489,Breakfast at Antonio's,Tagaytay,"Aguinaldo Highway | Barangay Bagong Tubig, Tagaytay, Luzon, Philippines","Filipino, International, Vegetarian Friendly",4.0
246,538,Nay's House,Tarlac,"Romulo Boulevard, Tarlac, Luzon, Philippines","Filipino, Asian",4.0
247,331,Grissini Ristorante,Naga,"Cereza, Magsaysay Ave., Naga, Luzon 4400, Philippines","Italian, Pizza, European",4.0
248,356,Mandarin Palace,Parañaque,"142 Aguirre Avenue | BF Homes, Paranaque, Luzon 1700, Philippines","Chinese, Asian, Seafood",4.0
249,351,Cheap Charlies Bar,Olongapo,"89 National Highway | Barrio Barretto, Olongapo, Luzon 2200, Philippines","International, Pub",4.0
251,347,The Coffee Shop,Olongapo,"2 Rizal Barretto, Olongapo, Luzon, Philippines","Filipino, Asian, International",4.0
252,345,Coco Lime,Olongapo,"Harbor Point, Rizal Highway, Central Business District | Subic, Zambales, Luzon 2222, Philippines","Filipino, Asian, Vegetarian Friendly",4.0
253,344,Sands Resto Grill,Olongapo,"Waterfront Rd. Moonbay Marina Complex | The Lighthouse Marina and Resort, Subic Bay Freeport Zone, Luzon 2222, Philippines","Filipino, Asian",4.0
254,343,Chef Samurai,Olongapo,"Samson Road | Lot 2 Raymundo Road Corner, Subic Bay Freeport Zone, Luzon, Philippines","Japanese, Sushi, Asian",4.0
255,342,Xtremely Xpresso Cafe,Olongapo,"#1 Dewey Avenue,, Subic Bay Freeport Zone, Luzon 2200, Philippines","Pizza, Cafe, Italian",4.0
256,543,Victor's Barbeque And Lechon Manok,Tarlac,"McArthur Highway, Luzon, Philippines","Filipino, Asian, Barbecue",4.0
257,544,Kamayan sa PalaIsdaan Restaurant,Tayabas,"Brgy. Dapdap, Tayabas-Lucban Road, Tayabas City, Luzon, Philippines","Asian, Filipino,  Seafood",4.0
258,337,Cocolime,Olongapo,"Harbor point mall, Subic Bay Freeport Zone, Luzon, Philippines","Filipino, Asian, Vegetarian Friendly",4.0
259,336,Meat Plus Cafe,Olongapo,"Sampson Rd, Subic Bay Freeport Zone, Luzon 2222, Philippines","American, Steakhouse",4.0
260,547,Mi Casa en Tayabas,Tayabas,"73M. Ponce, San Roque, Zone 1, Tayabas City, Luzon, Philippines","Filipino, Asian, Fruit Parlours",4.0
261,332,Chef Doy's,Naga,"nside Cereza along Magsaysay Avenue, Naga, Luzon, Philippines","Filipino, Asian, Vegetarian Friendly",4.0
262,350,Harley's Pub and Hotel,Olongapo,"Baloy Beach | Barrio Barretto, Olongapo, Luzon 2200, Philippines","Bar, International, Pub",4.0
264,372,Apu,Parañaque,"Aseana Boulevard corner Macapagal Avenue | Upper Ground Level, The Shops at the Boulevard, City of Dreams Manila, Paranaque, Luzon 1701, Philippines","Filipino, Asian",4.0
265,528,Meats and Match Tanauan,Tanauan,"2nd Flr. R-Venue Bldg. Poblacion 3, Tanauan City, Luzon, Philippines",Café,4.0
266,441,Lale Restaurant,Puerto Princesa,"Bgy. San Pedro 8 D.Delos Reyes Rd | LGQ Building, Puerto Princesa, Palawan Island 5300, Philippines","Indian, Asian, Thai",4.0
267,443,Viet Ville,Puerto Princesa,"Brgy Sta. Lourdes, Puerto Princesa, Palawan Island, Philippines","Asian, Vietnamese, Vegetarian Friendly",4.0
294,411,Matiz Restaurant and Tapas Bar,Puerto Princesa,"Km 3 San Manuel Road, Puerto Princesa, Palawan Island 5300, Philippines","Spanish, Vegetarian Friendly",4.0
270,451,La Taperia De Ari,San Fernando Pampanga,"C/ Mineras 10, San Fernando, Luzon 11100, Philippines","Filipino, Spanish, Asian",4.0
296,414,Ka Inato,Puerto Princesa,"National Highway | Bgy. San Jose, Puerto Princesa, Palawan Island 5300, Philippines"," Filipino, Seafood, Barbecue",4.0
323,31,Cafe Mary Grace,Bacoor,"Foodstreet, SM Southmall, Las Pinas, Luzon, Philippines","Dessert, Filipino, Cafe",4.0
324,189,Another Story,Las Piñas,"Daang Hari | 2nd Floor, Evia Lifestyle Center, Las Pinas, Luzon 1750, Philippines",Vegetarian Friendly,4.0
325,11,Rustic Mornings by Isabelo,Antipolo,"11 Isabelo Mendoza Street, Marikina, Luzon, Philippines","Filipino, Cafe, Vegetarian Friendly",4.0
326,209,Diy Burgers,Legazpi,"701 Rizal Street, Legazpi, Luzon 4500, Philippines","American, Bar, Pub",4.0
327,207,Kamias,Legazpi,"Alternate Road, Legazpi, Luzon, Philippines","Filipino, Asian",4.0
328,204,Bojangles Grill & Gym,Las Piñas,"Dona Pilar Aguirre Ave, Las Pinas, Luzon 0046, Philippines","Filipino, Bar, Asian",4.0
329,203,The Rib Shack,Las Piñas,"71 Presidents Avenue | PDC Compound Rose Ave cor Aguirre Ave, Las Pinas, Luzon 1740, Philippines", ,4.0
330,201,Sojubang,Las Piñas,"Alabang - Zapote Road | Almanza I, in front of Almanza Elementary School, Las Pinas, Luzon, Philippines","Asian, Korean",4.0
331,200,TGI Friday's,Las Piñas,"Daang Hari | inside Evia Lifestyle Center, Las Pinas, Luzon 1750, Philippines","American, Filipino, Asian",4.0
332,21,Sambokojin,Bacoor,"Alabang Zapote Road | SM South Mall, Las Pinas, Luzon, Philippines","Japanese, Korean, Vegetarian Friendly",4.0
333,190,Teppanya,Las Piñas,"Evia Lifestyle Center Second Floor Daang Hari, Las Pinas, Luzon 1750, Philippines","Japanese, Sushi, Asian",4.0
334,197,Shakey's,Las Piñas,"SM Southmall, Alabang-Zapote Road, Las Pinas, Luzon, Philippines","Pizza, American",4.0
335,195,Yabu House of Katsu,Las Piñas,"Alabang-Zapote Road | Ground Level, SM South Mall, Las Pinas, Luzon, Philippines","Japanese, Asian",4.0
336,194,Tenya Tempura Tendon,Las Piñas,"Food Street | SM Southmall, Upper Ground Floor, Almanza, Las Pinas, Luzon 1747, Philippines",Japanese,4.0
337,23,Mama Lou's Italian Kitchen,Bacoor,"Blk 16 Lot 36 Tropical cor Palace st, Las Pinas, Luzon 1700, Philippines","Italian, Pizza, Vegetarian Friendly",4.0
338,191,Mang Raul's Barbeque,Las Piñas,"CRM Avenue corner CRM Gloria | BF Homes, Almanza, Las Pinas City, Las Pinas, Luzon, Philippines","Filipino, Barbecue, Asian",4.0
339,29,Cecile's Bermuda Country Restaurant,Bacoor,"BF Resort Village, Las Pinas, Luzon, Philippines","Filipino, Asian",4.0
342,77,Tsokolateria,Baguio,"Igorot Stairs, Upper Session Rod, Baguio City, Baguio, Luzon, Philippines","Filipino, Cafe, Asian",4.0
343,98,Butch Seafood and Grill Restaurant,Batangas,"National Rd | Alangilan, Batangas City, Luzon 4200, Philippines","Filipino, Seafood, Asian",4.0
322,187,Razon's Las Pinas,Las Piñas,"Unit 236-237 SM Las Pinas Zapote | Alabang Road, Las Pinas, Luzon, Philippines"," Filipino, Asian",4.0
320,76,Chaya,Baguio,"72 Legarda Road, Baguio, Luzon, Philippines","Japanese, Asian, Sushi",4.0
297,506,RSM Lutong Bahay,Tagaytay,"Aguinaldo Highway Maharlika East, Tagaytay, Luzon, Philippines","Filipino, Asian, Vegetarian Friendly",4.0
319,75,Oh My Gulay,Baguio,"Session Road, La Azotea Building, Baguio, Luzon, Philippines","Filipino, Asian, Vegetarian Friendly",4.0
298,505,Gourmet Farms,Tagaytay,"Emilio Aguinaldo Highway | Silang, Tagaytay, Luzon 1403, Philippines","Mediterranean, Healthy, Vegetarian Friendly",4.0
299,501,Buon Giorno,Tagaytay,"Unit 4, The Cliffhouse at Tagaytay | Aguinaldo Highway, Tagaytay, Luzon, Philippines","Italian, Pizza, Vegetarian Friendly",4.0
300,500,Pamana Restaurant,Tagaytay,"1315 Aguinaldo Highway, Tagaytay, Luzon, Philippines","Filipino, Asian",4.0
301,499,Charito by Bag of Beans,Tagaytay,"Tagaytay-Nasugbu Highway | Maharlika East, Cavite, Tagaytay, Luzon 4120, Philippines","Vegetarian Friendly, Vegan Options",4.0
302,498,Antonio's Grill,Tagaytay,"One Destination | Aguinaldo Highway, Tagaytay, Luzon, Philippines","Filipino, Barbecue, Asian",4.0
304,263,The Chocolate Kiss Cafe,Marikina,"Magsaysay Avenue | Ang Bahay ng Alumni, Quezon City, Luzon 1101, Philippines","Dessert, Filipino",4.0
305,329,Red Platter,Naga,"Cereza, Magsaysay Avenue, Naga, Luzon 4400, Philippines","Filipino, International, Asian",4.0
306,211,Legazpi Four Seasons Restaurant,Legazpi,"Tahao Road, Legazpi, Luzon 4500, Philippines","Chinese, Asian",4.0
307,36,Neil's Kitchen,Bacoor,"Filinvest Avenue | Lot C 701 And 704 Westgate, Muntinlupa, Luzon 1770, Philippines","Filipino, Asian, Vegetarian Friendly",4.0
308,183,Yellow Cab Las Pinas,Las Piñas,"268 Real Street | Alabang Zapote Road, Pamplona Dos, Las Pinas, Luzon, Philippines"," Italian, Pizza",4.0
309,328,Bob Marlin Restaurant and Grill,Naga,"Magsaysay Avenue, Naga, Luzon 4400, Philippines","Filipino, Asian",4.0
311,37,Racks,Bacoor,"Alabang Zapote rd | G/F SM Southmall, Las Pinas, Luzon, Philippines"," American, Barbecue",4.0
312,38,Arca's Yard Cafe,Baguio,"777 Tiptop, Ambuclao Road, Baguio, Luzon, Philippines","Filipino, Café, Asian",4.0
313,44,Good Taste Cafe & Restaurant,Baguio,"Carino Street | corner Carino snd Otek Streets, Rizal Monument, Baguio, Luzon 2600, Philippines","Chinese, Filipino, Asian",4.0
314,46,Hill Station,Baguio,"Upper Session Rd | Casa Vallejo, Baguio, Luzon 2600, Philippines","Filipino, Spanish, International",4.0
316,53,Lemon and Olives,Baguio,"# 26 Outlook Dr, Baguio, Luzon 2600, Philippines","Mediterranean, European, Greek",4.0
317,67,Secret Garden,Baguio,"34 Paterno Street | Southdrive Road, Baguio, Luzon 2600, Philippines","Italian, Pizza, Vegetarian Friendly",4.0
318,171,"MCM Restaurant, Bakeshop, and Boutique",Iriga,"1 Highway, Iriga City, Luzon, Philippines",Filipino Asian,4.0
473,234,Starbucks,Lipa,"J. P. Laurel Highway | No. 001, Barangay San Carlos, Lipa City, Luzon, Philippines",Cafe,3.5
475,348,The Blue Rock Restaurant,Olongapo,"Baloy Long Beach Bo Barretto, Olongapo, Luzon, Philippines","Bar, Seafood, International",3.5
479,479,Leslie's,Tagaytay,"Aguinaldo Highway Crossing | Silang West, Tagaytay, Luzon, Philippines","Filipino, Asian, Vegetarian Friendly",3.5
480,503,Josephine Restaurant,Tagaytay,"58 Tagaytay-Batangas Highway Kilometer | Tagaytay City, Tagaytay, Luzon 4120, Philippines","Filipino, Seafood, Asian",3.5
471,222,Bigg's Diner,Legazpi,"Pacific Mall, Legazpi, Luzon, Philippines","American, Filipino, Fast Food",3.5
484,484,Mahogany Market Eateries,Tagaytay,"Mahogany Market | Mahogany Ave., Tagaytay, Luzon, Philippines","Filipino, Asian",3.5
490,168,Desny Grill Bar Resto and Café,Iriga,"San Nicolas, Iriga City, Luzon, Philippines","Filipino, Asian, Bar",3.5
472,227,Hapag Filipino Restaurant,Lipa,"Gen.Luna St, Lipa City, Luzon 4217, Philippines","Filipino, Asian",3.5
474,237,Lomi King,Lipa,"Pres. J.P. Laurel Highway, Lipa City, Luzon 4200, Philippines","Filipino, Asian",3.5
470,199,Eduardo's Peri Peri Flame Grilled Chicken - SM Southmall,Las Piñas,"SM Southmall - Alabang-Zapote Rd | Las Pinas CIty, Las Pinas, Luzon, Philippines","Barbecue, Filipino, Asian",3.5
460,172,Biggs Dinner,Iriga,"Iriga City, Luzon, Philippines","American, Filipino, Fast Food",3.5
452,541,Gerry's Restaurant & Bar,Tarlac,"Mc Arthur Highway | at SM Tarlac, Tarlac, Luzon 2300, Philippines","Filipino, Asian",3.5
454,531,Dampa sa Tarlac,Tarlac,"San Rafael, Tarlac 219 MacArthur Highway | near Luisita, Tarlac, Luzon 2300, Philippines","Filipino, Asian, Seafood",3.5
469,198,Kuya J,Las Piñas,"Alabang-Zapote Road | SM Southmall, Las Pinas, Luzon, Philippines","Filipino, Asian",3.5
457,100,"F, Baylosis",Batangas,"G.C. Berberabe Subd., Pallocan West, Batangas City, Luzon 4200, Philippines","Filipino, Asian",3.5
456,90,Big Mikes Grill House,Batangas,"Pastor St | Pallocan West, Batangas City, Luzon 4217, Philippines","Steakhouse, Filipino, Pizza, Asian",3.5
462,459,Holidayland Restaurant,San Fernando Pampanga,"Olongapo-Gapan Road | Pampanga, San Fernando, Luzon 2000, Philippines","Filipino, Asian",3.5
463,458,Hungry Neighbors,San Fernando Pampanga,"Mac Arthur Highway Dolores, San Fernando, Luzon 2000, Philippines","American, Asian, Fusion",3.5
464,185,Mesa Filipino Moderne,Las Piñas,"Alabang-Zapote Road | Ground Level, SM South Mall, Las Pinas, Luzon, Philippines","Filipino, Asian",3.5
465,188,Kenny Rogers Roasters,Las Piñas,"SM Southmall, Alabang- | Zapote Road,, Las Pinas, Luzon, Philippines",", American",3.5
466,449,Everybody's Café,San Fernando Pampanga,"MacArthur Highway | Dau, San Fernando, Luzon, Philippines","Filipino, Asian",3.5
467,192,Tokyo Tokyo,Las Piñas,"Ground Floor, SM Southmall, Alabang-Zapote Road,, Las Pinas, Luzon, Philippines","Japanese, Asian",3.5
468,193,Zark's Burgers,Las Piñas,"Alabang-Zapote Road | Southmall, Las Pinas, Luzon 1740, Philippines", American,3.5
491,257,Makan Makan Asian Food Village,Manila,"2nd Floor, Manila Ocean Park | behind Quirino Grandstand, Manila, Luzon, Philippines （原名Makansutra Asian Food Village）","Other Chinese Cuisine, Southeast Asian, Japanese",3.3
493,17,Banapple Pies & Cheesecakes,Antipolo,"206 Katipunan Avenue | Blue Ridge, Quezon City, Luzon 1109, Philippines","Filipino, Cafe, American",3.0
495,468,Café Ysabel,San Juan,"455 P Guevarra Street | Barangay Addition Hills, Manila, Luzon 1500, Philippines",Western-style,3.0
498,170,Think Coffee,Iriga,"Hiway 1, San Miguel, Iriga City, Luzon, Philippines","American, Café, Italian",3.0
